date,plkopr,devkum,amarbma,snboffzisa,smi_monthly_return,gdp_growth,inflation,exch_rate
1992-02-01,83.9703,1.6052,72462,4,0.0309751914905134,-3.193607905234285,2.693428303223878,0.023031780154278578
1992-03-01,84.2156,1.6052,75803,4,0.0177917046279739,-3.193607905234285,2.693428303223878,0.023031780154278578
1992-04-01,84.35,1.6052,79317,4,0.0165289649406446,-3.193607905234285,2.693428303223878,0.023031780154278578
1992-05-01,84.5722,1.6052,82121,4,0.0418728736696545,-3.193607905234285,2.693428303223878,0.023031780154278578
1992-06-01,84.9083,1.6052,84704,4,-0.0294341268402508,-3.193607905234285,2.693428303223878,0.023031780154278578
1992-07-01,84.6528,1.6052,90157,4,-0.0318072048708732,-6.8319957213698554,0.8798842761763824,0.002885247309346272
1992-08-01,84.8742,1.6052,94851,4,-0.0226451712256597,-7.743708203242504,1.0103860110491871,-0.007393382637955955
1992-09-01,84.9742,1.6052,102081,4,0.0375398665367155,-6.8479260411701945,1.4262638380174244,-0.015645903673219438
1992-10-01,85.0975,1.6052,109073,4,0.0250752344845309,-2.745832096547977,1.6363968482832418,-0.03005448552725842
1992-11-01,85.9162,1.6052,120080,4,0.0168868195502183,-4.782379218994705,3.2873407975266367,-0.03184983472356284
1992-12-01,85.8238,1.6052,129643,4,0.0479896943203828,-5.105090899558786,2.195196600148098,-0.03152708275532009
1993-01-01,86.2639,1.6052,141514,4,0.0369461640369289,-2.583904843487423,3.079392792423837,-0.008665987071171841
1993-02-01,86.8176,1.6052,147469,4,0.0131760207128153,-1.4772920447812583,3.318319049752186,-0.004756001702809304
1993-03-01,87.28,1.6052,151018,4,0.0178022846696888,0.4908768438203781,3.337607061849021,-0.005332576319164556
1993-04-01,87.5452,1.6052,155182,4,0.006411466549059109,3.848036348269186,3.0466721530841645,-0.013403074813381743
1993-05-01,87.5965,1.6052,157425,4,0.0182603922202318,4.143586345153273,1.9580998570277524,-0.020765710080392366
1993-06-01,87.5741,1.6052,160435,4,0.0489857317251401,5.189358712316908,1.4859655221478743,-0.02871368819067094
1993-07-01,87.5199,1.6052,165290,4,0.0299795389491961,2.8978029163062033,0.3330556340345723,-0.04359794437920197
1993-08-01,87.9514,1.6052,169009,4,0.0299997474155165,-0.3638289437867889,0.933050797473387,-0.048850227376392365
1993-09-01,87.8974,1.6052,172069,4,-0.0138193210317019,-2.068644719953837,-0.018413901808607563,-0.0565439962238545
1993-10-01,87.9629,1.6052,173528,4,0.0800155798136772,-3.025485769341941,0.33451300990994465,-0.057556865106041466
1993-11-01,87.8444,1.6052,180293,4,0.0404528149306103,2.3332114690370918,0.12360595322892959,-0.06108132469862176
1993-12-01,87.9542,1.6052,184388,4,0.0593454332451937,5.9474467729485765,0.5753545052016492,-0.06706665243790774
1994-01-01,88.0571,1.6052,188167,4,0.0553473781204605,6.843486816463116,-0.5218445620731752,-0.07915626011931576
1994-02-01,88.4145,1.6052,187382,4,-0.0013075492914607094,2.9695722504434023,-0.4473997013449488,-0.08026841812252167
1994-03-01,88.416,1.6052,182135,4,-0.0618183990964851,-3.195373763393544,-1.888073066629913,-0.08315281343178453
1994-04-01,88.4621,1.6052,177500,4,-0.00844270067213271,-8.303817276920299,-1.4679559197217344,-0.0756974896391495
1994-05-01,87.913,1.6052,173017,4,-0.0454118346006793,-4.044974368163232,-2.63124693475072,-0.07606828301341596
1994-06-01,88.0514,1.6052,168225,4,-0.007725326066916449,0.8722098836896445,-1.0965168483536645,-0.07698823737361697
1994-07-01,88.0362,1.6052,165793,4,-0.0421318224902445,6.895804511507234,-0.20179760662621304,-0.08320644604159776
1994-08-01,88.3818,1.6052,164187,4,0.0106340617062852,1.2056245311261844,0.4110513507836673,-0.08557217441690766
1994-09-01,88.4176,1.6052,160908,4,0.0113860925466054,-3.2523651449812663,-0.046637048461788816,-0.08483608810321207
1994-10-01,88.3448,1.6052,159043,4,-0.0367549491300845,-2.4192369138470875,-0.7391239026363767,-0.08139909296730888
1994-11-01,88.3386,1.6052,161715,4,0.0195381416390452,0.6079931739229595,-0.10448502830956852,-0.08405413916868164
1994-12-01,88.3237,1.6052,164378,4,0.0131206760634761,6.793091065421131,0.5701754397202942,-0.08543658726332103
1995-01-01,88.9507,1.6052,167815,4,-0.00974992092122617,2.8389933033773205,2.5879060108420777,-0.09037642401183099
1995-02-01,89.7438,1.6052,165351,4,0.0126084720403523,-3.946681213679894,3.127076428511011,-0.09400825553196998
1995-03-01,89.7988,1.6052,160774,4,-0.0380390478502843,-5.486104114813287,1.7012481769362384,-0.10101097036096064
1995-04-01,89.8744,1.6052,156684,4,0.0158288535109776,-4.688819674763174,1.0548319196151847,-0.11874170004538502
1995-05-01,89.7051,1.6052,151959,4,0.0619125985222204,-0.32230467391825895,0.03755144511995073,-0.1227319311305436
1995-06-01,89.8831,1.6052,146342,4,0.0379183126230938,3.7309966507403045,0.5584302127914796,-0.12086113674006223
1995-07-01,89.8225,1.6052,146104,4,0.0108034070575158,5.657602439906409,0.30377883257173854,-0.10255584487108883
1995-08-01,90.1071,1.6052,145726,4,0.00378604898701917,1.0401574999517633,0.6148715863452446,-0.10249409493586534
1995-09-01,90.1842,1.6052,143458,4,0.0511087942825053,-3.5215130555271745,0.15729288906678823,-0.10580657380744228
1995-10-01,90.0863,1.6052,146364,4,0.0244772005270435,-3.4095091388741294,-0.45288435103299157,-0.12378713944271239
1995-11-01,90.0192,1.6052,152102,4,0.0303667645352095,-1.9132516363098755,-0.46287591268397815,-0.1250491102046478
1995-12-01,90.0443,1.6052,157115,4,0.0315976247570646,1.4957656871873677,-0.28106447525203154,-0.12236468781961515
1996-01-01,90.3014,1.6052,164656,4,0.0018245317816882893,2.273375967104973,-0.15015933823202102,-0.11033145741504985
1996-02-01,90.446,1.6052,166102,4,-1.962973943578911e-4,-1.0944299382037008,-0.6947618471272309,-0.10858155969678013
1996-03-01,90.6057,1.6052,165305,4,0.0881897409276047,-5.383102433738654,-1.1567291733262974,-0.10325049856287387
1996-04-01,90.6935,1.6052,164151,4,0.0181113926721406,-3.167892019782234,-0.30322686225073747,-0.09111272220459714
1996-05-01,90.3623,1.6052,162377,4,-0.0156303377011349,1.1867559916836334,-0.964322373345597,-0.0864690408026333
1996-06-01,90.5385,1.6052,159964,4,0.015818317549307,3.164445699670501,-0.07621233324590719,-0.08393259712553434
1996-07-01,90.412,1.6052,161586,4,0.010322134440764,-0.8071169863026108,-0.8909872272333271,-0.08801441124729485
1996-08-01,90.6458,1.6052,163705,4,2.556406918858814e-4,-6.536739544970916,-0.2725449994592881,-0.08038818231370111
1996-09-01,90.6986,1.6052,166409,4,0.0036178038881624613,-8.232290740255568,-0.18321288302716526,-0.07029412542108422
1996-10-01,90.8431,1.6052,174107,4,0.0269690249947296,-5.3869624133516405,0.06987177098803267,-0.05016376655903967
1996-11-01,90.6761,1.6052,183026,4,0.0178266711622446,-0.906838592048739,-0.2538859114206645,-0.035751822135972514
1996-12-01,90.7478,1.6052,192171,4,0.0102203285643105,4.483100935016772,0.26252967647759323,-0.022082536360286942
1997-01-01,91.0509,1.6052,205501,4,0.0419705004258399,4.813262874979764,0.5439645338617747,0.0031428879317903845
1997-02-01,91.2106,1.6052,206291,4,0.0967055856911647,1.057971995624678,-0.4291395757466925,0.011056344968364586
1997-03-01,91.0794,1.6052,202207,4,0.0306132660765741,1.8525925292746062,-1.6208528569120486,0.013604053211199401
1997-04-01,91.167,1.6052,197732,4,0.0194146048962018,-2.410903766773194,-1.1566138381583697,-0.00586583915921673
1997-05-01,90.8834,1.6052,192091,4,0.0930409626585531,-0.6320566484127687,-1.7084104850819897,-0.011536863483074493
1997-06-01,90.9747,1.6052,185320,4,0.0644327350118945,1.3805736940858193,-0.9366811128422532,-0.015020944634446172
1997-07-01,90.8758,1.6052,182477,4,0.0756256023820345,3.399941466230129,-1.060582713341154,-0.015444390238367994
1997-08-01,91.0759,1.6052,180843,4,-0.0403274884729123,3.876446005935076,-0.3362408854334211,-0.015988254804127966
1997-09-01,91.0742,1.6052,177229,4,-0.0138610800196557,-1.2353749641781464,-0.7702804823373551,-0.02212552296093843
1997-10-01,91.081,1.6052,173484,4,0.034443469726809,-0.39126474432753267,-0.6309508725513793,-0.024998675466429542
1997-11-01,91.0541,1.6052,175927,4,-0.0231641787036715,1.200988368457073,-0.5893674055143387,-0.02663297532074069
1997-12-01,91.0984,1.6052,180549,4,0.0848425396598509,1.0823267263649654,-0.36130313039943146,-0.026770833009133434
1998-01-01,91.065,1.6052,182492,4,0.0476805571394296,3.70881039395634,-1.033970755550678,-0.028411370455707404
1998-02-01,91.1768,1.6052,176548,4,0.0891461756700642,1.8300511311546308,-1.503789479644924,-0.025479834512906085
1998-03-01,91.1094,1.6052,165683,4,0.0565433194752343,4.642293140314853,-2.2136035313172417,-0.01909066456016721
1998-04-01,91.1465,1.6052,153897,4,0.0242711094189223,2.907971362545666,-1.4726669670159716,-0.0014681172235950957
1998-05-01,90.9582,1.6052,142360,4,0.0143068062030836,4.39314997250695,-1.5095178703523318,0.003646984247100191
1998-06-01,91.0665,1.6052,130779,4,0.005407853795524441,1.7957516892112684,-0.682925295732404,0.003576668204025562
1998-07-01,90.9441,1.6052,125994,4,0.0733899253165551,-3.0574071031061747,-1.1393777259472673,0.006995393745896119
1998-08-01,91.2031,1.6052,122225,4,-0.0774512763056027,-4.728112094854512,-0.2447375040294861,0.013480263344121361
1998-09-01,91.1304,1.6052,117544,4,-0.146753500785904,-0.8448458801367049,-0.2356090279862871,0.010898017369258203
1998-10-01,91.1122,1.6052,115513,4,-0.0823505433063042,-0.135500451862626,-0.7467740031521467,-0.0118206095616863
1998-11-01,90.9644,1.6052,118576,4,0.160493305178572,-4.174977475444998,-1.428002438717085,-0.015466905792038426
1998-12-01,90.945,1.6052,124309,4,0.00864221767028805,-4.419132444322647,-1.43062253201393,-0.010996804136050956
1999-01-01,91.1315,1.6052,125883,4,0.0519280042963366,-5.94357270806201,-0.1421628265712285,-0.0053337362296749175
1999-02-01,91.4394,1.5983,122026,4,-0.0293206785045651,0.9529846875085729,0.5112941936902756,-0.008142217033743977
1999-03-01,91.535,1.5948,114073,4,0.00938540991511405,1.9303395878378544,-0.07107171433399258,-0.011149344547942893
1999-04-01,91.6877,1.6019,105912,4,0.0177981814985431,3.0718758248341467,2.0879266064961486e-4,-0.005356909384106766
1999-05-01,91.4819,1.6028,98598,4,-0.024595774891322,0.6753614505910501,-0.7620578240764715,-0.004619405224080241
1999-06-01,91.5893,1.5948,92399,4,-8.808248622087507e-4,-2.5246599246262424,-0.08626445131301921,-0.007220419024347632
1999-07-01,91.6125,1.6041,90122,4,-0.006465745385953239,-0.8916284030610158,0.35520638437283164,0.0035715935399775515
1999-08-01,92.0658,1.6003,87487,4,-0.0116299133129999,-0.43333350081826694,1.5241309503656515,0.00400423573498891
1999-09-01,92.2398,1.6016,85096,4,0.0157537781004491,4.3034733379529815,1.634298141032903,0.0066736707267356955
1999-10-01,92.2388,1.594,84263,4,-0.0163060869152211,10.476290722820966,0.789326856778637,3.0777160129057715e-4
1999-11-01,92.1509,1.6049,86328,4,0.0566983400042469,7.545434725733134,0.03819713013714622,0.006492664591820592
1999-12-01,92.462,1.6012,91041,4,0.007254979486414291,1.727346574596232,0.403586845627407,0.010117002619977543
2000-01-01,92.5762,1.6097,92631,4,-0.0170053938728062,-4.060840381728356,0.8255616864376143,0.018352206054450215
2000-02-01,92.9241,1.6069,88702,4.25,-0.0335341217015878,0.022289129298519377,1.5202223638465262,0.016869698015794892
2000-03-01,92.8924,1.6046,81548,4.5,0.0171047926224053,6.857747911014221,0.8685015467052165,0.010665663353925737
2000-04-01,92.9735,1.5738,75642,4.75,0.0438630464580612,6.801640791709482,-0.4025745089385011,-0.006556959030441583
2000-05-01,92.9278,1.5565,69788,4.75,0.033195034821524,1.0911838706763795,-0.8528644119280574,-0.013153497085570388
2000-06-01,93.2737,1.5598,65962,5.25,0.00928618162534356,-5.363137317282002,-0.4508008523142996,-0.010472821147236222
2000-07-01,93.3428,1.5508,65140,5.25,0.0204825340177248,-5.596376331883265,0.708086129021855,-0.011234428557256617
2000-08-01,93.1013,1.5512,63708,5.25,0.0410042697301964,0.21845885845091498,0.32051724573568363,-0.009050478611210317
2000-09-01,93.568,1.53,62329,5.5,-0.0299271056019296,10.409065877069269,2.3305004005462218,-0.019879528065568086
2000-10-01,93.4678,1.5133,62953,5.75,-0.0255319691567929,14.062459634807551,1.262261890995768,-0.03141856114362873
2000-11-01,93.9132,1.5213,65721,5.75,0.035313673803733,3.560834782651336,1.269991701877533,-0.028349125100473504
2000-12-01,93.8428,1.5135,69724,5.75,-0.00623997253555852,-9.101346692687882,-0.5933229448506683,-0.028854719078473926
2001-01-01,93.7755,1.5291,72295,5.75,-0.00888678332005377,-15.522904542935686,-1.5044020589742535,-0.01886955944152034
2001-02-01,93.6486,1.5355,69766,5.75,-0.0160310581131564,-3.1821042757240723,-1.1830496768741847,-0.01037813940005501
2001-03-01,93.7988,1.5357,65625,5.75,-0.0772948784392428,14.923269652425507,0.2956369234434113,-0.009379856348643406
2001-04-01,94.0582,1.5287,63032,5.75,-0.00979043190292883,15.433724127807707,0.998468757521257,-0.015814679334146837
2001-05-01,94.5687,1.5337,61097,5.5,0.053418649272843,-1.6834175929268498,1.0184502737320762,-0.011490097401719116
2001-06-01,94.7479,1.5225,59176,5.5,-0.0266057564507469,-18.340564202210103,-0.0484231604036402,-0.01479486913136284
2001-07-01,94.6045,1.5134,60166,5.5,-0.0553137425412126,-19.541348906246252,-0.30667708390927173,-0.01754687839904767
2001-08-01,94.0797,1.5144,61079,5.25,-0.0282564723227594,-2.6458075372169416,-0.6610434733487411,-0.013461967761519963
2001-09-01,94.1996,1.4919,62170,4.75,-0.124536872920653,16.64008181823206,0.6962063884697804,-0.026700201660713876
2001-10-01,94.0568,1.4796,68298,4.75,0.0268496384558883,15.377423485574742,-1.2814890713992155,-0.03888445972144843
2001-11-01,94.1827,1.4665,77633,4.25,0.0518346670167036,-1.6831895846160059,-1.9061480565681825,-0.042882749269835055
2001-12-01,94.148,1.4743,86027,4.25,-0.00532957940622802,-20.528392679411848,-2.818006441065855,-0.03615354828368974
2002-01-01,94.2645,1.4738,93714,4.25,-0.0011670436602045904,-21.393186224197382,-1.0331064701049342,-0.03443343351982159
2002-02-01,94.2615,1.4774,94472,4.25,-0.010613339682947,-1.8489616740171042,0.18835435576705925,-0.0315598041609083
2002-03-01,94.2767,1.468,92371,4.25,0.0444177189323525,18.873842148351454,1.0537801239260622,-0.03691268131998744
2002-04-01,95.0902,1.466,92025,4.25,0.015580644439827,18.417504533454625,2.574369239605849,-0.0387990898788578
2002-05-01,95.1815,1.4567,90930,4.25,-0.007465345938904469,-2.960247680397398,0.31914375301055664,-0.04213231198833563
2002-06-01,95.0566,1.4716,90705,4.25,-0.0801858840039359,-20.98035555465175,-0.9129399322806597,-0.03230317666629551
2002-07-01,94.5556,1.4626,92948,4.25,-0.110566227049392,-20.151544943128457,-2.6769319021895503,-0.03420844544578521
2002-08-01,94.5243,1.4639,96362,4.25,-0.0190610249895167,-3.1753089282540237,-0.81105819221954,-0.029465391771756517
2002-09-01,94.6676,1.4651,101889,4.25,-0.0726746343731188,18.21892369312967,0.7606241915096261,-0.02400857805134022
2002-10-01,95.2204,1.4649,110197,4.25,-0.021898568713954,15.744907782618478,2.1870489722164796,-0.02658634572558357
2002-11-01,95.045,1.4673,120627,4.25,0.0446216423977492,-2.1241366865618385,-0.18797006894108903,-0.02617140055386908
2002-12-01,94.9867,1.468,129809,3.75,-0.0288358380470964,-21.219278952002067,-1.2697147700436875,-0.022646184945644503
2003-01-01,95.0627,1.4623,138944,3.75,-0.038786109958434,-23.643988535809655,-0.6204866659471284,-0.023778646600455994
2003-02-01,95.1562,1.4672,142023,3.75,-0.0956529083629709,-1.6968229940827841,0.7327351464078101,-0.019025044715306676
2003-03-01,95.5392,1.469,141808,3.5,-0.0375047576492562,16.495687713993284,1.5741133419298945,-0.017959644077599795
2003-04-01,95.729,1.4954,141624,3.5,0.0963027099663232,16.462651150225906,0.2939521900341363,-0.0017026407626269363
2003-05-01,95.5756,1.5148,140609,3.5,0.0206611922374738,0.940247994192643,-2.3643317396779713,0.014690203468324156
2003-06-01,95.5776,1.5399,140485,3,0.0613676121350666,-19.778044990084137,-2.7628877150185707,0.034491459798355356
2003-07-01,94.8114,1.5471,141699,3,0.0162272229127687,-16.571493850853862,-3.2753104846942347,0.040222976919697014
2003-08-01,95.0321,1.5404,143672,3,0.0384445560020472,-0.7971949317469088,-0.17602527274529234,0.040912603401854646
2003-09-01,95.1697,1.5469,146688,3,0.0325256076185629,19.635439654702427,1.1755749525825296,0.04879691836593296
2003-10-01,95.6525,1.5481,151259,3,-0.0147342292081197,22.73673677271951,1.9622905512825146,0.05006909702880848
2003-11-01,95.5322,1.5587,156598,3,0.0157144346900073,4.223905178326218,-0.39963942140462083,0.05292697967126932
2003-12-01,95.5508,1.5549,162835,3,0.0243074093609719,-17.0663729208196,-1.576170757816663,0.050906080672886836
2004-01-01,95.2265,1.5661,168163,3,0.0492518436033325,-22.15133270767234,-2.617923839195969,0.0603382607142691
2004-02-01,95.2425,1.5731,165979,3,0.0285470219898694,-1.111179363503315,-0.636694546338377,0.0698006459698573
2004-03-01,95.4465,1.5666,160849,3,-0.0213807125620714,24.999437030258335,1.097319440889409,0.06779936013945892
2004-04-01,96.2516,1.5547,155061,3,0.0159345530203414,26.577167264646942,3.3167450923691217,0.06088949154458939
2004-05-01,96.474,1.5408,148816,3,-0.0141972351017197,5.009280029032885,0.8546642206948081,0.049053770159054315
2004-06-01,96.6405,1.5187,144103,3,-0.00583075197457072,-24.319935351760996,-0.4276106642595783,0.03566684130086803
2004-07-01,95.6291,1.5268,143125,3,-0.0267912697763493,-26.769883853584943,-3.2149467997311794,0.04514566001033054
2004-08-01,95.9834,1.5381,145923,3,-0.0212960788249127,-7.401844996832375,0.5112666364233176,0.05789889228866978
2004-09-01,95.989,1.5431,146341,3,0.0211225357849845,19.271933768322853,1.6959049122157415,0.06586533833047148
2004-10-01,96.8889,1.5427,147911,3,-0.0151014849931971,24.384176045788067,4.119277285721242,0.06275443935227908
2004-11-01,96.9819,1.5221,152409,3,0.0249488098526482,1.7318346909790707,1.2818699255200263,0.04982244610079893
2004-12-01,96.8232,1.5359,158416,3,0.00791754817312795,-22.43641791567963,-0.7854163483601626,0.05797208225436425
2005-01-01,96.3739,1.5467,162032,3,0.0216130377257975,-23.438455079146152,-2.455509258694719,0.06648451265175397
2005-02-01,96.5857,1.5499,160451,3,0.0241081020924583,0.5255825544987203,0.045462734645926,0.07315579863229438
2005-03-01,96.822,1.5489,155681,3,0.0133104062648581,26.57371237918639,1.3563107336821358,0.0758267082485544
2005-04-01,97.6145,1.5471,150671,3,-0.0016734935953849298,27.13870491600212,2.4893696544951496,0.07543073712634411
2005-05-01,97.5176,1.5448,145370,3,0.0120306186483332,2.616916158134966,-0.6675207272000779,0.0699361076881749
2005-06-01,97.2984,1.5382,140661,3,0.036954751376318,-21.880729344463028,-2.3519958205003872,0.06681705025936469
2005-07-01,96.7662,1.5581,139902,3,0.0294006384574181,-20.452625609143773,-2.631605556259606,0.08345055369583401
2005-08-01,96.9056,1.5526,142359,3,0.0263981104159376,3.1058990927864243,0.7796757912159121,0.08655814046633914
2005-09-01,97.3296,1.5491,142728,3,0.0221403810742071,26.263603552273743,2.678300021963874,0.0887087081058308
2005-10-01,98.1806,1.5489,144066,3,0.0282626453181851,25.502267435462876,4.010068305054532,0.08749195458039882
2005-11-01,97.9047,1.5452,146762,3,0.0576852961581287,3.1635625532053617,0.5344147588045299,0.08256841280690597
2005-12-01,97.7976,1.5478,151764,3.25,0.029851851160696,-18.824504504142954,-0.8613376347993845,0.08343930022096897
2006-01-01,97.6179,1.5491,154204,3.25,0.0249648087497114,-19.67037303242897,-1.260232965654053,0.08805193703418025
2006-02-01,97.9221,1.5578,150099,3.25,0.020208109294918,3.062306121012284,1.117314333835328,0.09772401858256614
2006-03-01,97.8182,1.5688,143249,3.5,0.0113042635520855,29.707614951827065,1.4394737206138037,0.10534968410311586
2006-04-01,98.6484,1.5749,136360,3.5,0.00901469957587331,27.08515910633938,1.8927320977475204,0.10913903545600508
2006-05-01,98.8457,1.5565,129486,3.5,-0.0303917526285106,2.7687080242383804,-0.534215734005074,0.09918306649318584
2006-06-01,98.8184,1.56,122837,3.75,-0.0488789984444622,-22.493270781473065,-1.9050636992045835,0.09947331357722036
2006-07-01,98.1449,1.5686,121725,3.75,0.035714104666458,-23.34598813161443,-2.0684888044941476,0.10926620489967462
2006-08-01,98.3128,1.5775,123074,4,0.0401002860604522,-0.33762354883341655,0.6222619686540213,0.121261465006798
2006-09-01,98.1023,1.5837,121876,4,0.0317926525614753,26.509377318681498,1.0929566288582355,0.12909348588448766
2006-10-01,98.4347,1.5897,122765,4.25,0.0406234570130193,29.38637268475497,0.5634969834624541,0.13063969545920678
2006-11-01,98.3919,1.5922,124133,4.25,0.0123938920012998,5.84327367452794,-1.9276734692243565,0.13185593353592767
2006-12-01,98.405,1.5966,128580,4.5,-0.003425798134288339,-22.346906738899797,-3.125401596346206,0.13425462271226626
2007-01-01,97.7176,1.6157,131057,4.5,0.0424039502339713,-25.457347403968615,-3.628386778674598,0.1478535047263134
2007-02-01,97.9109,1.6213,126395,4.5,0.0209037787259665,1.0775638114154327,-0.2558191266828232,0.15621672092954036
2007-03-01,97.9871,1.6126,117915,4.75,-0.0386723477740808,34.30791414175691,1.3841717053458311,0.15280681334677923
2007-04-01,99.0963,1.6374,112829,4.75,0.0428181057245782,33.0297851458959,3.5633256993014513,0.1669489218517523
2007-05-01,99.3281,1.65,106200,4.75,0.0164775202804,5.513839765964486,0.8701444104421802,0.17521224713987832
2007-06-01,99.4418,1.6542,99781,5,-0.0161478206889354,-25.372931899160058,-0.5759676507478317,0.1776921691350242
2007-07-01,98.8518,1.6567,99779,5,-0.0150868534812405,-26.857327079783673,-1.796031047730657,0.18338804834100988
2007-08-01,98.7412,1.6377,100757,5,-0.0451570432167666,0.018529105026806852,0.5130466835286862,0.17732189793349876
2007-09-01,98.8352,1.6475,99681,5,0.0151095888355464,27.623866522126118,2.0649396027863736,0.18669388496390504
2007-10-01,99.6792,1.6704,102039,5,0.0233431786157223,29.16527956345793,4.573886901274629,0.19871060950409986
2007-11-01,100.1337,1.6485,104820,5,-0.0552311038564092,1.439538617534473,2.6279314633361617,0.18666116813399275
2007-12-01,100.3771,1.6586,109012,5,0.0117176561338259,-30.340172410989215,1.301808744284716,0.1899413860195621
2008-01-01,100.0885,1.6189,111877,5,-0.0888353695702848,-27.881487186998935,0.4784312692983527,0.17336509455531296
2008-02-01,100.2261,1.6087,108457,5,-0.0416489461040928,0.28196042969485846,2.4421844502225465,0.16477169710118056
2008-03-01,100.565,1.5711,103777,5,-0.0489697248435002,35.07773975433751,4.150478223289121,0.14321263490416833
2008-04-01,101.3596,1.5954,100880,5,0.0333324170313287,32.98360532724057,3.703883625891889,0.1577014436069463
2008-05-01,102.1644,1.6245,95166,5,0.0212422670544341,0.6427423834525264,2.0845893786958527,0.1766742219526017
2008-06-01,102.3372,1.6138,91477,5,-0.0459441710614068,-30.597200319391852,0.23896858874175098,0.17540541627928155
2008-07-01,101.8912,1.6186,92163,5.25,-0.0501946165520857,-30.929019696289046,-0.17602826010467798,0.17922127584356906
2008-08-01,101.6259,1.6204,94039,5.25,0.0452207797592301,-1.640308076415542,1.5119870621804115,0.18533529030705514
2008-09-01,101.7283,1.5945,95980,5.25,-0.0302314172305639,30.72733164431587,2.2905993777434275,0.17250341545665085
2008-10-01,102.2689,1.5202,100471,4.25,-0.129645124889579,23.345422645507828,1.6966580781111775,0.13051116586567998
2008-11-01,101.5877,1.5152,107652,3.75,-0.0483719728505471,-10.294087562651868,-3.698436503136273,0.12043820264795364
2008-12-01,101.0807,1.5397,118762,3,-0.0326449611656826,-42.89700022580118,-5.197708807201755,0.12772132881119733
2009-01-01,100.2277,1.494,128430,3,-0.0175144954217542,-42.14071358259784,-7.098803051598128,0.10411893134341123
2009-02-01,100.4641,1.4905,132402,3,-0.0865689471073253,-6.274796057651331,-2.8299569997026643,0.11160115755259187
2009-03-01,100.1385,1.5068,134713,2.5,-0.0630594566199464,27.824874715787562,-1.999306557502188,0.12322533260009713
2009-04-01,101.0213,1.5151,136709,2.25,0.0866218755862538,26.88865897771277,0.8474109378960737,0.12397596151009944
2009-05-01,101.1824,1.5118,135128,1.75,0.0564281870883303,-1.1361535197500288,-1.3629640341019518,0.12566034064015005
2009-06-01,101.364,1.5145,140253,1.75,0.00411599982700706,-27.994360131157958,-1.2172102895244639,0.12922925504007574
2009-07-01,100.6913,1.5202,145364,1.75,0.0274288516920165,-24.16928992458575,-1.867111871531138,0.13446918805259575
2009-08-01,100.8027,1.524,150831,1.75,0.0888959994497633,1.8254923403840528,0.9934916291588668,0.14176197180185326
2009-09-01,100.7899,1.5148,154409,1.75,0.0326784867129148,28.9124004761877,1.9544977020972234,0.14161830417473023
2009-10-01,101.4163,1.514,158138,1.75,0.0142565650053528,26.478674332475478,2.6142326142958168,0.13995129338507467
2009-11-01,101.612,1.5104,163950,1.75,0.0011310379858162614,1.1003460091631578,0.6464758650841332,0.13543347173068962
2009-12-01,101.3665,1.5025,172740,1.75,0.023540598404556,-25.331193279505527,-1.2344268140872239,0.12771401644832497
2010-01-01,101.2538,1.4767,175765,1.75,0.0103862312095908,-23.400499964016458,-1.167504645167024,0.11660963871067205
2010-02-01,101.4012,1.4673,172999,1.75,-0.005459199318923801,3.4343898677937146,0.9301824950070163,0.11155320291162753
2010-03-01,101.5402,1.4484,166032,1.75,0.0522204503431063,28.451847268739808,1.728151595043157,0.10013574433172853
2010-04-01,102.408,1.4339,158570,1.75,-0.00701529994259253,27.88795356854998,2.3181920740331856,0.09493224064680324
2010-05-01,102.3022,1.4199,151074,1.75,-0.0639372403439024,1.721415832098084,-0.9514497988764289,0.07986714060927459
2010-06-01,101.8569,1.3774,144473,1.75,-0.001530722622810841,-23.81001808474851,-3.070169951484394,0.047947966257155035
2010-07-01,101.1126,1.3471,142330,1.75,-0.0302457353697275,-22.718853688502328,-4.172513373030791,0.032784043061988684
2010-08-01,101.0986,1.3428,142879,1.75,0.0165590781059213,-1.6125625718657726,-1.4036044732664759,0.030238815145851406
2010-09-01,101.0752,1.3085,140040,1.75,0.0180588697628841,23.462891078675817,-0.1294780716297792,0.017416471133753997
2010-10-01,101.613,1.3461,139365,1.75,0.005779848563042479,24.282239099822807,1.8056452355804806,0.040607430782384414
2010-11-01,101.857,1.3445,141668,1.75,0.0139137594455916,2.1271687313774597,0.8705760209136078,0.031979020412851306
2010-12-01,101.8931,1.2806,148636,1.75,9.287156254464907e-4,-22.098866172410588,-0.29362806072697284,-0.006274252870610294
2011-01-01,101.5358,1.2779,148784,1.75,0.0042070184601374905,-24.248824093028343,-1.2347906047519601,-0.009583645366549919
2011-02-01,101.9185,1.2966,143325,1.75,0.0120363214751236,-0.9195857262595635,1.168864469809875,0.004555179608154055
2011-03-01,102.5599,1.2879,134905,1.75,-0.0419048605853286,23.730169908371355,2.939487041632591,0.003861953560790997
2011-04-01,102.6731,1.2978,123448,2,0.0121018588077042,24.719928269901757,1.0084159837035036,0.00643322373111649
2011-05-01,102.6798,1.254,114684,2,0.0134871865812891,1.776850818710277,-1.064797505999265,-0.024675455355711966
2011-06-01,102.4316,1.2093,110378,2,-0.049490851419645,-23.728510660793813,-3.0673859432361223,-0.056003794075298034
2011-07-01,101.5899,1.1778,109200,2.25,-0.0256354412814654,-23.339151040769696,-3.4557274397269593,-0.08808376709055507
2011-08-01,101.2929,1.1205,111687,2.25,-0.127810000657182,-0.09577265011644702,-2.1709237431821147,-0.11272218135858716
2011-09-01,101.5661,1.201,111344,2.25,0.0319200631623473,14.965614343609573,-0.8094465808426161,-0.06263217331768402
2011-10-01,101.4987,1.2298,115178,2.25,0.0492380174123803,17.125972712319932,-1.153901529413721,-0.03540339126196443
2011-11-01,101.3215,1.2315,121109,2,-0.0202697398187066,-0.48573521159866034,-2.4859317557712735,-0.029732290401163097
2011-12-01,101.1649,1.2276,130662,1.75,0.0386736794438975,-17.374884204544575,-2.688526525380476,-0.0336038400163825
2012-01-01,100.7342,1.2111,134317,1.75,0.0449557253709076,-14.31335184925744,-2.6932571886532646,-0.04476742944318677
2012-02-01,101.018,1.2072,133154,1.75,0.0183887634563047,2.1317176283228805,-0.7415805215877873,-0.04563075337448222
2012-03-01,101.5812,1.2063,126392,1.75,0.00972690154603351,17.24861554233766,0.8870952982635367,-0.04533500355715061
2012-04-01,101.6571,1.2022,123158,1.75,-0.0119686609797467,16.53371521358577,0.22257740821277933,-0.04706492174399778
2012-05-01,101.639,1.2012,118860,1.75,-0.0372757083077064,-0.7274376929740378,-1.4524840161380375,-0.04847313269329737
2012-06-01,101.3523,1.201,114868,1.75,-7.419365263825395e-4,-15.87876308137742,-2.824460046373755,-0.05024268278806071
2012-07-01,100.8645,1.201,116294,1.5,0.0523259671495404,-16.517641345247153,-2.639986192002806,-0.04523676794716576
2012-08-01,100.834,1.2011,119823,1.5,0.0387013253918547,-0.8507400505437637,-0.7074496273574065,-0.03823800457871499
2012-09-01,101.1483,1.2089,120347,1.5,0.00863263157347527,14.46607334699431,1.0021151426806656,-0.029444049965495354
2012-10-01,101.2732,1.2098,125536,1.5,0.0211072785684561,15.57364020167039,0.8319022026419413,-0.030689926467740315
2012-11-01,100.9411,1.2052,132067,1.5,0.004487611240509,0.9167679478615262,-1.4653010135306288,-0.034766614586680095
2012-12-01,100.7254,1.2091,142309,1.5,0.0313474608267288,-16.647669317074666,-2.5285424231700646,-0.030240284250878775
2013-01-01,100.4625,1.228,148158,1.5,0.0551582597889795,-18.086548354159863,-2.504580704181643,-0.01359482928607499
2013-02-01,100.7593,1.2298,146001,1.5,0.0267752865545874,-1.9020916972321698,-0.525910782653324,-0.008310663955326389
2013-03-01,100.9782,1.2264,138993,1.5,0.0381165766783134,18.864839118786715,0.6538762210343979,-0.008727974832995788
2013-04-01,101.01220000000001,1.2198,135851,1.5,-5.509199956170704e-4,21.35008518827644,-0.458186496333781,-0.013547432110045273
2013-05-01,101.1233,1.2406,131290,1,0.0482824815991747,1.012908730383149,-1.5102618776903785,4.4206285896476527e-4
2013-06-01,101.2226,1.2326,126498,1,-0.0603489294701378,-16.255929585796,-1.99584409046906,-0.0036990663043915207
2013-07-01,100.8617,1.2364,128516,1,0.0303153003488821,-19.222222644502356,-1.2056621045158462,0.002548507598560949
2013-08-01,100.7891,1.2334,129956,1,0.0092161501275827,-0.4868006587749821,0.1914018360927651,0.0065214750010660905
2013-09-01,101.0923,1.2338,131072,1,0.0081032710750073,16.168014344396035,1.7746600234337677,0.010171369718410563
2013-10-01,101.0147,1.2314,133443,1,0.005289389196347029,17.167769371194446,0.4063557254887651,0.005298099652265154
2013-11-01,101.0217,1.2319,139073,0.75,0.0255532088143815,-0.7124408633755063,-0.7918825520628018,0.005543005187337852
2013-12-01,100.793,1.2249,149437,0.75,-0.0289113593297811,-17.69787607329816,-2.14896132477475,0.0022751712426760597
2014-01-01,100.5172,1.2312,153260,0.75,0.038649753920373,-19.462130317191868,-1.978077189677881,0.00671853505261432
2014-02-01,100.6171,1.2213,149259,0.75,0.004103759979424029,0.5641810149787216,-0.6683124195770428,0.004108422296387636
2014-03-01,100.9811,1.2178,142846,0.75,-0.006054025559581569,19.203680890946895,1.005810489647856,0.003684398854365613
2014-04-01,101.0506,1.2191,137087,0.75,0.0118226019592174,19.371058186086678,0.12911546680928482,0.002368148046863761
2014-05-01,101.3465,1.2204,130310,0.75,0.021329233773592,1.2454611756981484,-0.6993705530381181,0.003325742647806488
2014-06-01,101.2729,1.2181,126632,0.4,0.007060758383878429,-17.076269948533984,-1.6289730173811539,0.004780263787126112
2014-07-01,100.8938,1.215,127054,0.4,-0.0102248802518357,-15.96130815206857,-1.726793034517795,0.005516303448863495
2014-08-01,100.8613,1.2119,128434,0.4,-0.0118378625418132,-0.6536036770539371,-0.3040301438232314,0.005478309144292366
2014-09-01,101.0037,1.2077,129965,0.29999999999999993,0.0402736739736471,14.458563780733025,0.7536531445212772,0.007778772489343665
2014-10-01,101.0019,1.2078,132397,0.29999999999999993,-0.0340686250286645,16.561731073012474,0.13545672298792916,0.010541869911650228
2014-11-01,100.9625,1.2026,136552,0.29999999999999993,0.0519889350258238,-1.6260392343799037,-1.1858750778131177,0.004511221988125708
2014-12-01,100.4619,1.2024,147369,0.29999999999999993,0.00820365551114066,-14.683467285600733,-2.678586159046329,-0.007666742355662566
2015-01-01,100.0294,1.0983,150946,0.29999999999999993,-0.0506059123389112,-14.405141188277588,-3.4608058363324012,-0.08706968958389631
2015-02-01,99.7723,1.0623,149921,0.29999999999999993,0.0206976559473238,-0.5367507705842883,-3.294648447397345,-0.11800733400627178
2015-03-01,100.0978,1.0609,145108,0.29999999999999993,0.0472357004126347,13.751361253844044,-1.786833691699172,-0.12546751027139647
2015-04-01,99.9161,1.0382,141131,0.29999999999999993,0.0156518078667018,14.902938152369602,-2.198965386418997,-0.1390151013575911
2015-05-01,100.1488,1.0398,136349,0.29999999999999993,-0.0129889599591899,1.0791154767554914,-2.1824455953805586,-0.13740707827715049
2015-06-01,100.2224,1.0448,133256,0.29999999999999993,-0.0146641576156656,-13.93906487972709,-2.379230758981812,-0.13209839156364164
2015-07-01,99.6065,1.0488,133754,0.29999999999999993,0.0183126356542977,-15.21259920998841,-3.0196144077353932,-0.11957936912754914
2015-08-01,99.4468,1.0782,136983,0.29999999999999993,-0.005394714572967141,-0.9031817872238471,-1.498359529288722,-0.09125509020371628
2015-09-01,99.5455,1.0918,138226,0.29999999999999993,-0.0556399312046095,14.60404406301625,0.0678244337172228,-0.07847381252560809
2015-10-01,99.6284,1.0879,141269,0.29999999999999993,0.00977633643233933,14.465489315720422,0.47337878509604714,-0.0837916917229648
2015-11-01,99.5566,1.083,148143,0.29999999999999993,0.021545186730461,-0.4022492170227118,-0.8970023916759964,-0.08540445325761029
2015-12-01,99.1475,1.083,158629,0.29999999999999993,-0.0245916348055769,-15.425564113195984,-2.389903156042636,-0.08103621557696174
2016-01-01,98.7623,1.0932,163644,0.29999999999999993,-0.0458275711142248,-14.101424146723048,-3.1349196825056036,-0.0701890825815504
2016-02-01,98.9457,1.1018,161417,0.29999999999999993,-0.0523594787430194,1.2464099313613892,-1.3882663357089913,-0.06435529406371959
2016-03-01,99.2362,1.0921,155324,0.25,0.006036665644102659,15.211174546777418,-0.20692940203068214,-0.06892287440000952
2016-04-01,99.5645,1.0931,149540,0.25,0.004439851336053511,14.322932754696733,0.657749095907974,-0.06687467332003211
2016-05-01,99.7082,1.1054,144778,0.25,0.00622971553245355,0.2642747855133346,-0.030178950254361816,-0.059979469152269364
2016-06-01,99.8475,1.0901,139127,0.25,-0.00851261674515613,-12.070266695820779,-0.2719209849177451,-0.06901876393657531
2016-07-01,99.4044,1.0867,139310,0.25,0.0234236791970222,-11.352170782260163,-1.2729282314105141,-0.06831119112503695
2016-08-01,99.3045,1.0876,142858,0.25,0.00802260084474393,-0.1393750114624182,-0.34129220515804903,-0.06294715867887521
2016-09-01,99.3649,1.0922,142675,0.25,0.005206194366805361,9.359906078315136,0.06502045753319853,-0.05751275499431296
2016-10-01,99.4164,1.0883,144531,0.25,-0.0207859640580846,8.294504161856494,0.16073376346195756,-0.06182504985195938
2016-11-01,99.2198,1.0759,149228,0.25,-0.0288555799842622,-2.3224503783124373,-1.0128067331367563,-0.07210070288524535
2016-12-01,99.1409,1.0754,159372,0.25,0.0367556098726978,-14.80943904052935,-1.181694051730237,-0.07336171276550758
2017-01-01,99.107,1.0713,164466,0.25,0.0301838245684922,-14.989472433532251,-0.239084805212181,-0.07454934497252222
2017-02-01,99.5849,1.0659,159809,0.25,0.0123515504767884,-3.06876754385998,1.2523101779001364,-0.0751379619109405
2017-03-01,99.7997,1.0706,152280,0.25,0.0229059041840485,11.680847151080716,1.7747337284634834,-0.0715211151418814
2017-04-01,100.0004,1.0723,146327,0.25,0.0013843182927679705,11.92139914708328,0.5768283168113842,-0.06838182420964553
2017-05-01,100.1862,1.0897,139778,0.25,0.0427979390197388,-3.234062661853565,-0.44101681504008705,-0.055771717831129046
2017-06-01,100.0444,1.0875,133603,0.25,-0.00827456447805708,-13.113996273963311,-1.3434129709882316,-0.050937823573332985
2017-07-01,99.7317,1.1054,133926,0.25,0.0021550660939511092,-10.692867464010156,-1.298832055509946,-0.028897484979155254
2017-08-01,99.764,1.1396,135578,0.25,7.493367665545309e-4,2.01212786278137,0.10695799913121797,-6.336412817578554e-4
2017-09-01,100.0128,1.1468,133169,0.25,0.005455287825905099,12.385347479764025,1.0861783266304539,0.00962873861672351
2017-10-01,100.0735,1.1542,134800,0.25,0.0235203603777949,12.487193160089909,1.5062005723570282,0.016693841081606483
2017-11-01,100.0008,1.1643,137317,0.25,2.7461843573294974e-4,2.1137303369526346,0.44401502930156095,0.024002121867317833
2017-12-01,99.9723,1.169,146654,0.25,0.0122390077950301,-10.987150007915538,0.10803530621403741,0.028844552709308562
2018-01-01,99.8406,1.1725,149161,0.25,0.0150889238736349,-11.786760595104315,-0.40326050342886133,0.031827570020237554
2018-02-01,100.2103,1.1544,143930,0.25,-0.0582114097746251,0.5048143650126468,0.7156016778914891,0.025114182281505477
2018-03-01,100.5935,1.1682,130413,0.25,-0.0187874299500522,14.225130246480068,1.484143948629084,0.035041727741757976
2018-04-01,100.8036,1.18815,119781,0.25,-0.0021415770279961106,16.541534756988085,0.9506138262242501,0.048711102184943726
2018-05-01,101.1873,1.17862,109392,0.25,0.0109692301705964,4.805267510790093,0.8719715409334089,0.043170990729977696
2018-06-01,101.1915,1.15552,106579,0.25,-0.0336003222002049,-7.853704413344745,0.2350038768896983,0.030837725198896365
2018-07-01,100.9588,1.16196,106052,0.25,0.0368215895500594,-13.187269341122127,-0.017223121840122965,0.031830132997927064
2018-08-01,100.9422,1.14049,107893,0.25,0.0219408432185282,-4.464888213958178,0.6272700419534255,0.02118811221056846
2018-09-01,101.0024,1.12882,106586,0.25,-0.0117887179199956,5.996928996845399,0.774161086576109,0.018012709899247067
2018-10-01,101.1808,1.14121,107315,0.25,-0.0110686328718891,7.819595920002217,1.3049125666469796,0.0226286299965249
2018-11-01,100.9228,1.13746,110474,0.25,0.00904760492056966,-0.29863300404796383,-0.20128288035227146,0.019363304510595526
2018-12-01,100.6637,1.12961,119661,0.25,-0.0311112608284512,-8.4226788876751,-0.9754367818847977,0.015271061455744786
2019-01-01,100.3998,1.12959,123962,0.25,0.0192548736626432,-10.90970428112301,-2.1602554311166586,0.017410712849417483
2019-02-01,100.7902,1.1366,119473,0.25,0.0431253482425344,-1.221331598024876,-0.5864305161725643,0.023212163405966442
2019-03-01,101.3269,1.13145,112341,0.25,0.0205395463761853,8.521292390062111,0.8580495200089776,0.023031354637978705
2019-04-01,101.5174,1.13157,107298,0.25,0.0207253108543517,9.156519817741575,1.5224206294142406,0.022625453412708472
2019-05-01,101.8291,1.13077,101370,0.25,-7.945337833970001e-4,-0.09807741142850623,1.1038304512224477,0.020550730146431884
2019-06-01,101.7989,1.1165,97222,0.25,0.0251613328743858,-9.156550996020124,0.2510690508994749,0.010465257226642639
2019-07-01,101.2735,1.10792,97578,0.25,0.0110210413214979,-5.8493111245385725,-1.4410126363557445,0.005647762998238517
2019-08-01,101.2632,1.08933,99552,0.25,-0.0203113763567018,-1.5022226811834751,-1.079350151043347,-0.004552721813231717
2019-09-01,101.1522,1.09055,99098,0.25,0.0279301729391774,3.4021140480764367,-1.3002757934174771,-0.001986254593686309
2019-10-01,100.9247,1.0979,101684,0.25,-6.018902608206907e-4,4.36516010616102,-1.3455264897960588,0.002664780704842136
2019-11-01,100.7904,1.09778,106330,0.25,0.0358763177155514,0.3581647242959587,-1.3115608134604662,0.002723269603053887
2019-12-01,100.8205,1.09305,117277,0.25,0.0122936648340761,-1.3474737669179646,-0.716455286479069,9.432228728125785e-4
2020-01-01,100.6029,1.07638,121018,0.25,0.0234945997325275,-11.652242943733965,-1.7125380637256915,-0.014142521691467175
2020-02-01,100.7274,1.06504,117822,0.25,0.0129523652348991,-5.506650369903979,-0.8114141155788387,-0.01928941716599029
2020-03-01,100.8049,1.05902,135624,0.25,-0.166643350438673,-8.023646600508094,-0.4293982878470173,-0.026093861135258096
2020-04-01,100.4381,1.05442,153413,0.25,0.0526980734331486,-28.791528112810692,-2.7610862050171114,-0.032171873087668314
2020-05-01,100.4803,1.05675,155998,0.25,0.0142581084644615,-35.43566147493582,-3.773220968260957,-0.025347109496192757
2020-06-01,100.5012,1.07173,150289,0.25,0.0417729039011829,-23.424886080607752,-2.776510810347416,-0.01188404871018897
2020-07-01,100.3419,1.07056,148870,0.25,0.0185190994425344,20.068804019995376,-0.3201731247340389,-0.005972596840739272
2020-08-01,100.3861,1.07678,151111,0.25,-0.006978661169380951,31.90204788658942,0.5021929729593407,8.839321520166408e-4
2020-09-01,100.3431,1.07837,148560,0.25,0.0141288712632652,24.525412387577557,-0.1558588559438853,0.003176719257621467
2020-10-01,100.3492,1.07399,149118,0.25,-0.0238682226195787,7.101846836242031,-0.27624289459404705,7.670907570535276e-4
2020-11-01,100.1002,1.07798,153270,0.25,0.0314901945775488,-2.578508901981375,-0.505321835621226,0.00354652523278862
2020-12-01,100,1.08156,163545,0.25,0.00337268087298948,-2.3036066496364023,0.07306111914928295,0.007415750321171303
2021-01-01,100.0553,1.07931,169753,0.25,0.0381086430224555,-4.986577370622948,-0.36877485815477584,0.01018787946478554
2021-02-01,100.2198,1.08554,167953,0.25,-0.00806635644921649,1.0237134966669543,-0.33560600296829435,0.019268160927973354
2021-03-01,100.5577,1.10624,157968,0.25,0.0165371153191052,7.3041572853308905,0.28427099061004685,0.03269665197412361
2021-04-01,100.7675,1.10326,151279,0.25,0.0205078493048945,14.94572830798325,0.7549018149410763,0.032951692583565013
2021-05-01,101.0339,1.09679,142966,0.25,5.008723270019107e-4,10.961958174169363,0.7025680139137098,0.029581717700968534
2021-06-01,101.1087,1.09398,131821,0.25,0.059803833985894,5.2803872535082705,0.5541055403650295,0.027207978005509427
2021-07-01,101.023,1.0854,128279,0.25,0.0157536777676983,3.6162299228007186,0.7756158426471068,0.023324868134793116
2021-08-01,101.2711,1.07602,126355,0.25,0.0290018145152173,3.6549146897690283,1.6333286227562824,0.022736554426753118
2021-09-01,101.2887,1.08595,120294,0.25,-0.0293177708178176,7.775560788018843,1.5726878849174621,0.028264601621972186
2021-10-01,101.5954,1.07137,116733,0.25,-0.00983537924487354,3.121086883375535,3.0563033118235756,0.013092206531051365
2021-11-01,101.6346,1.05217,116244,0.25,0.0431217676324522,-1.6447481788644205,2.4414436291931794,-0.0016699578118497347
2021-12-01,101.5311,1.04078,121728,0.25,0.0167131717075029,-4.123537833381409,2.0779429095662403,-0.00839902063671956
2022-01-01,101.705,1.04018,122268,0.25,-0.00844118166059504,-3.3792969765269953,0.8729347882128763,-0.007081944562374563
2022-02-01,102.3754,1.04611,117970,0.25,-0.0310091664983528,1.6764760220584802,2.322872768096654,-0.005165513161445965
2022-03-01,102.9572,1.02458,109500,0.25,-0.0219295835170509,6.362534027156026,2.982611875658787,-0.020073949692501526
2022-04-01,103.3351,1.02172,104391,0.25,0.0363835117727496,6.697212695169075,3.55634780151032,-0.020363396015303983
2022-05-01,104.0068,1.03591,98004,0.25,-0.0528934343725731,4.617072636044372,4.250037550858025,-0.009282212801272683
2022-06-01,104.5312,1.02495,92511,0.25,-0.0608810912013392,-1.711193504852608,4.566721174269287,-0.023467617450328312
2022-07-01,104.4916,0.98765,91474,0.75,0.00694909988216597,-4.6652551702914895,3.467907593296458,-0.055589362991721146
2022-08-01,104.7671,0.96899,91372,0.75,0.007734562353943761,-6.200640577840992,3.393377794041515,-0.06417361893235426
2022-09-01,104.5831,0.96419,89526,1.5,-0.0464221530154865,-1.142393060820197,2.1249527201009255,-0.06763218701822454
2022-10-01,104.6392,0.97899,89636,2.25,-0.00753428835507996,-0.8538462971189794,1.4622438815954626,-0.057773775633341
2022-11-01,104.6432,0.9843,91327,2.25,0.0475499313239782,-2.427782632511148,1.052497324350414,-0.04911582070856752
2022-12-01,104.4149,0.98654,96941,2.75,-0.0034853420419746995,-1.0738159911537826,0.7312725591854831,-0.04449618695538856
2023-01-01,105.0435,0.99615,100776,2.75,0.0300600765455807,-5.769648336859038,2.4656048486777418,-0.03394073039550597
2023-02-01,105.8273,0.99045,98452,3.25,-0.003956229157211941,-3.550410546689721,3.389165066844128,-0.03516427155649359
2023-03-01,105.9896,0.99051,92755,3.75,-0.032826270676218,1.1523680269019267,2.589922866479086,-0.03884139904020874
2023-04-01,105.986,0.98479,90534,3.75,0.0414346781534696,0.11267248864692823,0.4398220882677447,-0.04516735927199158
2023-05-01,106.252,0.97533,88076,4,0.0138501255259247,-3.702531692060106,0.13466722720970256,-0.04900599859245802
2023-06-01,106.3196,0.97602,85099,4.25,-0.0166240489619977,-6.340199365270731,-0.016099254567779796,-0.04874196723224981
2023-07-01,106.1688,0.9661,87601,4.5,-0.0132612318598484,-2.5196351088937794,0.9081109663342859,-0.054954316641052055
2023-08-01,106.3955,0.95835,89881,4.5,-0.00892327608580357,-2.0816266031232367,1.3719768063418392,-0.05724665540041047
2023-09-01,106.3136,0.95969,90826,4.75,-0.0013524670457829588,-2.040579529573437,0.6105208446013184,-0.05692347109061734
2023-10-01,106.4112,0.95518,93563,4.75,-0.0323919800248373,-1.1483759093943702,1.4235448049188564,-0.057938812693437036
2023-11-01,106.1539,0.96324,98011,4.75,0.0035913545210215503,-0.9426192971610728,0.7010752449465149,-0.057683663146988765
2023-12-01,106.2055,0.94415,106859,4.75,0.036969743138954,0.563254550119047,1.5433851772253857,-0.06962675868446193
2024-01-01,106.3866,0.93645,113175,4.75,0.0132982391757464,2.5174941033616114,0.5286621478078757,-0.07240226623194561
2024-02-01,107.0638,0.946,111879,4.75,0.005587204443338931,1.8875227234789802,1.3452066466941548,-0.06403301828533023
2024-03-01,107.0971,0.96527,108593,4.75,0.0296768795523727,4.008879749618654,0.7335674709466267,-0.04866244467004042
2024-04-01,107.4357,0.97598,106957,4.75,-0.0200368532166835,2.762916780390283,1.1449583220527362,-0.03467408969888423
2024-05-01,107.729,0.9828,105465,4.75,0.032428395967085,-0.42789568977277886,1.158833292978557,-0.029885182269666712
2024-06-01,107.7316,0.9619,104518,4.5,0.0262773722325056,-0.5074118569082732,0.8740399220776478,-0.03803085834421891
2024-07-01,107.539,0.96782,107716,4.5,0.00830305587673941,0.12929274275626468,0.5134737790246925,-0.0380559798414787
2024-08-01,107.5237,0.94494,111354,4.5,-0.00744090196508385,0.17401377824924866,0.03301231625678899,-0.05196268141625604
2024-09-01,107.2098,0.94101,113245,3.9,-0.0014802819424917207,-2.591519530963372,-1.215019991458439,-0.05465736262214844
2024-10-01,107.0741,0.93867,116447,3.65,0.004210785062703559,-3.0328702347077914,-0.6159899647327135,-0.060496057664016674
2024-11-01,106.9296,0.9354,121114,3.65,-0.0321570972797817,0.09323425507751032,-0.5128958974319596,-0.06339698897675033
2024-12-01,106.8708,0.93383,130293,3.4,-0.005652959357420829,2.590885971358581,0.16823270753804667,-0.06303046173961135
2025-01-01,106.8138,0.94162,135773,3.15,0.0338083261648154,2.711976346687535,-0.7588892740798099,-0.05345103889671424
2025-02-01,107.4115,0.94114,135446,3.15,0.0606894492912633,-1.0494712848543095,0.05382032005096621,-0.04924399526993792
2025-03-01,107.4637,0.95488,132569,2.9,0.0133079670878462,1.2121930349796566,-0.14593525862532594,-0.03682946215179506
2025-04-01,107.4725,0.93799,130101,2.65,-0.0943891183460673,1.2024743050699789,-0.4288379860404806,-0.05335600568625504
2025-05-01,107.6215,0.93578,127944,2.65,0.0419438708235,-2.1897017696955063,-0.2469278499411839,-0.05624000219514532
2025-06-01,107.8156,0.93766,126877,2.4,-0.0117102681176561,-3.328920658944003,0.001000065633292485,-0.05115567934516561
2025-07-01,107.7734,0.93245,129154,2.4,-0.0107395137092606,-4.853053780210138,0.6750472486167463,-0.04936719093502667
2025-08-01,107.6873,0.93875,132105,2.4,0.00728105080888541,-3.274625353641189,0.5396924979309071,-0.04390075550196127
2025-09-01,107.4504,0.93483,133233,2.4,0.007008670923993379,-0.2972779926664592,-0.09878737772334457,-0.045864277981524045
2025-10-01,107.4504,0.92857,133233,2.4,0.030612603309865,2.622942355818318,-0.5484831175496886,-0.04840449902598569
2025-11-01,107.4504,0.92857,133233,2.4,-0.0010353148797994604,3.8830269239886235,-0.6056864420559408,-0.04605907557766264
